{
  "model": {
    "type": "minecraft:select",
    "property": "minecraft:custom_model_data",
    "cases": [
      {
        "when": 1001,
        "model": {
          "type": "minecraft:model",
          "model": "friendscraft:item/backpack_t1"
        }
      },
      {
        "when": 1002,
        "model": {
          "type": "minecraft:model",
          "model": "friendscraft:item/backpack_t2"
        }
      },
      {
        "when": 1003,
        "model": {
          "type": "minecraft:model",
          "model": "friendscraft:item/backpack_t3"
        }
      }
    ],
    "fallback": {
      "type": "minecraft:model",
      "model": "minecraft:item/paper"
    }
  }
}