{
  "model": {
    "type": "select",
    "property": "custom_model_data",
    "fallback": {
      "type": "model", 
      "model": "item/paper"
    },
    "cases": [
      {
        "when": "backpack_t1",
        "model": {
          "type": "model",
          "model": "item/backpack_t1"
        }
      },
      {
        "when": "backpack_t2",
        "model": {
          "type": "model",
          "model": "item/backpack_t2"
        }
      },
      {
        "when": "backpack_t3",
        "model": {
          "type": "model",
          "model": "item/backpack_t3"
        }
      }
    ]
  }
}