{
  "model": {
    "type": "minecraft:condition",
    "property": "minecraft:custom_model_data",
    "on_true": {
      "type": "minecraft:select",
      "property": "minecraft:custom_model_data",
      "cases": [
        {
          "when": [1001.0],
          "model": {
            "type": "minecraft:model",
            "model": "friendscraft:item/backpack_t1"
          }
        },
        {
          "when": [1002.0],
          "model": {
            "type": "minecraft:model",
            "model": "friendscraft:item/backpack_t2"
          }
        },
        {
          "when": [1003.0],
          "model": {
            "type": "minecraft:model",
            "model": "friendscraft:item/backpack_t3"
          }
        }
      ],
      "fallback": {
        "type": "minecraft:model",
        "model": "minecraft:item/paper"
      }
    },
    "on_false": {
      "type": "minecraft:model",
      "model": "minecraft:item/paper"
    }
  }
}