{
  "parent": "minecraft:item/generated",
  "textures": {
    "layer0": "minecraft:item/rabbit_hide"
  },
  "overrides": [
    {
      "predicate": {
        "custom_model_data": 1001
      },
      "model": "minecraft:item/backpack_t1"
    },
    {
      "predicate": {
        "custom_model_data": 1002
      },
      "model": "minecraft:item/backpack_t2"
    },
    {
      "predicate": {
        "custom_model_data": 1003
      },
      "model": "minecraft:item/backpack_t3"
    }
  ]
}
