{
	"providers": [				
        {
			"type": "reference",
			"id": "minecraft:include/firework"
		},
        {
			"type": "reference",
			"id": "minecraft:include/gui"
		},			
        {
			"type": "reference",
			"id": "minecraft:include/banner_pattern"
        },			
		{
			"type": "reference",
			"id": "minecraft:include/tropical_fish"
		},
        {
			"type": "reference",
			"id": "minecraft:include/music"
        },		
        {
			"type": "reference",
			"id": "minecraft:include/info"
        },
        {
			"type": "reference",
			"id": "minecraft:include/smithing"
        },
        {
			"type": "reference",
			"id": "minecraft:include/tooltip"
        },
        {
			"type": "reference",
			"id": "minecraft:include/bee"
        },
		{
			"type": "reference",
			"id": "minecraft:include/numerals"
        },
		{
			"type": "reference",
			"id": "minecraft:include/effects"
        },
		{
			"type": "reference",
			"id": "minecraft:include/food_armor"
        },
		{
		"type":"space",
			"advances":{
				"󎀀":-90,
				"󎀁":2,
				"󎀂":-54,
				"󎀃":54,
				"󎀄": -30,
				"󎀅": -131
			}
		}
	]
}